Symbol,Name,Last Sale,Net Change,% Change,Market Cap,Country,IPO Year,Volume,Sector,Industry
AAMC,Altisource Asset Management Corp Com,$19.15,0.0149,0.078%,39225309.00,United States,,1878,Finance,Investment Managers
AAU,Almaden Minerals Ltd. Common Shares,$0.4984,-0.0042,-0.836%,68391150.00,Canada,2015,714628,Basic Industries,Precious Metals
ACU,Acme United Corporation. Common Stock,$44.27,-0.50,-1.117%,154215740.00,United States,1988,16436,Consumer Durables,Home Furnishings
ACY,AeroCentury Corp. Common Stock,$10.53,0.31,3.033%,16278159.00,United States,,324292,Technology,Diversified Commercial Services
ADRA,Adara Acquisition Corp. Class A Common Stock,$9.70,-0.01,-0.103%,139437500.00,United States,2021,8205,,
AE,Adams Resources & Energy Inc. Common Stock,$28.42,0.03,0.106%,120813846.00,United States,,12943,Energy,Oilfield Services/Equipment
AEF,Aberdeen Emerging Markets Equity Income Fund Inc. Common Stock,$9.03,0.02,0.222%,458288555.00,United States,,12058,Finance,Finance/Investors Services
AGE,AgeX Therapeutics Inc. Common Stock,$1.44,-0.08,-5.263%,54626527.00,,2018,43444,Health Care,Major Pharmaceuticals
AIM,AIM ImmunoTech Inc. Common Stock,$2.12,-0.05,-2.304%,84142825.00,United States,,219889,Health Care,Biotechnology: Biological Products (No Diagnostic Substances)
AINC,Ashford Inc. (Holding Company) Common Stock,$22.39,0.54,2.471%,67385907.00,United States,2014,24542,Consumer Services,Professional Services
AIRI,Air Industries Group Common Stock,$1.25,-0.01,-0.794%,40046934.00,United States,,121879,Capital Goods,Military/Government/Technical
AMBO,Ambow Education Holding Ltd. American Depository Shares each representing two Class A ordinary shares,$2.48,0.13,5.532%,57594702.00,China,,222884,Miscellaneous,Service to the Health Industry
AMPE,Ampio Pharmaceuticals Inc.,$1.63,-0.06,-3.55%,318973279.00,United States,,1454544,Health Care,Major Pharmaceuticals
AMS,American Shared Hospital Services Common Stock,$2.81,-0.13,-4.422%,16300810.00,United States,,111408,Health Care,Medical Specialities
ANVS,Annovis Bio Inc. Common Stock,$97.00,8.14,9.16%,673885093.00,United States,2020,720163,Consumer Durables,Specialty Chemicals
APT,Alpha Pro Tech Ltd. Common Stock,$8.20,-0.32,-3.756%,109324458.00,Canada,,141794,,
ARMP,Armata Pharmaceuticals Inc. Common Stock,$4.08,0.09,2.256%,101757003.00,United States,,7019,Health Care,Biotechnology: Biological Products (No Diagnostic Substances)
ASM,Avino Silver & Gold Mines Ltd. Common Shares (Canada),$1.14,0.00,0.00%,114989570.00,Canada,,378206,,
ASXC,Asensus Surgical Inc. Common Stock,$2.89,-0.04,-1.365%,674008164.00,United States,,7784947,Health Care,Medical/Dental Instruments
ATNM,Actinium Pharmaceuticals Inc. (Delaware) Common Stock,$7.67,-0.07,-0.904%,154894645.00,United States,,105339,Health Care,Major Pharmaceuticals
AUMN,Golden Minerals Company Common Stock,$0.6113,0.001,0.164%,99317674.00,United States,,318994,,
AWX,Avalon Holdings Corporation Common Stock,$4.58,-0.04,-0.866%,17859394.00,United States,,34575,Public Utilities,Environmental Services
AXU,Alexco Resource Corp Common Shares (Canada),$2.52,0.00,0.00%,379719204.00,Canada,,961077,Basic Industries,Precious Metals
BATL,Battalion Oil Corporation Common Stock,$13.23,-0.17,-1.269%,215220308.00,,,3316,Energy,Oil & Gas Production
BCV,Bancroft Fund Ltd.,$31.95,-0.025,-0.078%,176293263.00,United States,,10003,Finance,Finance/Investors Services
BCV^A,Bancroft Fund Limited 5.375% Series A Cumulative Preferred Shares,$25.57,0.355,1.408%,,United States,,1453,,
BDL,Flanigan's Enterprises Inc. Common Stock,$40.20,-0.30,-0.741%,74717609.00,United States,,4203,Consumer Services,Restaurants
BDR,Blonder Tongue Laboratories Inc. Common Stock,$1.30,0.01,0.775%,15548657.00,United States,,226198,Capital Goods,Industrial Machinery/Components
BGI,Birks Group Inc. Common Stock,$2.94,-0.10,-3.289%,53887092.00,Canada,,2485373,,
BHB,Bar Harbor Bankshares Inc. Common Stock,$28.89,0.14,0.487%,432636417.00,United States,,40839,Finance,Major Banks
BKTI,BK Technologies Corporation Common Stock,$3.15,0.00,0.00%,52875021.00,United States,,125146,Technology,Radio And Television Broadcasting And Communications Equipment
BMTX,BM Technologies Inc. Common Stock,$12.27,-0.28,-2.231%,149698638.00,,2018,42976,Technology,EDP Services
BRBS,Blue Ridge Bankshares Inc. Common Stock,$18.10,0.17,0.948%,505570901.00,,,45719,Finance,Commercial Banks
BRG,Bluerock Residential Growth REIT Inc. Class A Common Stock,$10.37,-0.02,-0.192%,307255685.00,,2014,326369,Consumer Services,Real Estate Investment Trusts
BRG^C,Bluerock Residential Growth REIT Inc. 7.625% Series C Cumulative Redeemable Preferred Stock,$25.8384,0.0684,0.265%,,,,1197,,
BRG^D,Bluerock Residential Growth REIT Inc. 7.125% Series D Cumulative Preferred Stock ($0.01 par value per share),$25.75,0.05,0.195%,,,,1415,,
BRN,Barnwell Industries Inc. Common Stock,$2.97,-0.36,-10.811%,24583165.00,United States,,935612,Energy,Oil & Gas Production
BTG,B2Gold Corp Common shares (Canada),$4.21,0.03,0.718%,4428704149.00,Canada,,4361041,Basic Industries,Precious Metals
BTN,Ballantyne Strong Inc. Common Stock,$4.72,-0.04,-0.84%,86383288.00,United States,,48689,Miscellaneous,Industrial Machinery/Components
BTTR,Better Choice Company Inc. Common Stock,$4.44,0.25,5.967%,0.00,,2021,718602,,
BTX,Brooklyn ImmunoTherapeutics Inc. Common Stock,$16.86,-0.19,-1.114%,719663671.00,United States,,1777155,Health Care,Major Pharmaceuticals
BWL/A,Bowl America Inc.,$8.8501,-0.0299,-0.337%,,United States,,3691,,
CANF,Can-Fite Biopharma Ltd Sponsored ADR (Israel),$2.27,-0.05,-2.155%,39024803.00,Israel,,149434,Health Care,Major Pharmaceuticals
CCF,Chase Corporation Common Stock,$104.88,-0.52,-0.493%,990945150.00,United States,,20664,Basic Industries,Paints/Coatings
CDOR,Condor Hospitality Trust Inc. Common Stock,$6.02,-0.03,-0.496%,72402239.00,United States,,15746,Consumer Services,Real Estate Investment Trusts
CEI,Camber Energy Inc. Common Stock,$0.6734,-0.0942,-12.272%,39363802.00,United States,,24831684,Energy,Oil & Gas Production
CET,Central Securities Corporation Common Stock,$42.16,0.16,0.381%,1106295390.00,United States,,9612,Finance,Finance/Investors Services
CEV,Eaton Vance California Municipal Income Trust Shares of Beneficial Interest,$14.05,0.07,0.501%,100226729.00,United States,1999,15462,Finance,Finance/Investors Services
CHAQ,Chardan Healthcare Acquisition 2 Corp. Common Stock,$9.96,0.00,0.00%,107351918.00,,2020,75,,
CHFW,Consonance-HFW Acquisition Corp. Class A Ordinary Shares,$9.93,-0.01,-0.101%,118504620.00,,2021,1516,Finance,Business Services
CIK,Credit Suisse Asset Management Income Fund Inc. Common Stock,$3.50,-0.03,-0.85%,183067252.00,United States,,1673228,Finance,Finance/Investors Services
CIX,CompX International Inc. Common Stock,$20.57,-0.52,-2.466%,255091799.00,United States,1998,1730,Miscellaneous,Diversified Manufacture
CKX,CKX Lands Inc. Common Stock,$12.4526,0.00,0.00%,24189113.00,United States,,55,Energy,Oil & Gas Production
CLM,Cornerstone Strategic Value Fund Inc. New Common Stock,$11.83,0.16,1.371%,918864906.00,United States,1987,1259818,Finance,Finance/Investors Services
CMCL,Caledonia Mining Corporation Plc Common Shares,$11.92,-0.09,-0.749%,144456370.00,Canada,,64576,Basic Industries,Precious Metals
CMT,Core Molding Technologies Inc Common Stock,$17.28,0.23,1.349%,146611763.00,United States,,57679,Consumer Durables,Electronic Components
COHN,Cohen & Company Inc.,$20.55,1.04,5.331%,27270610.00,United States,,69076,Finance,Investment Managers
CPHI,China Pharma Holdings Inc. Common Stock,$0.7103,-0.0041,-0.574%,30954559.00,China,,159055,Health Care,Major Pharmaceuticals
CQP,Cheniere Energy Partners LP Cheniere Energy Partners LP Common Units,$45.50,0.40,0.887%,22022961097.00,United States,2007,119634,Public Utilities,Oil/Gas Transmission
CRF,Cornerstone Total Return Fund Inc. (The) Common Stock,$11.45,0.04,0.351%,469949312.00,United States,,1040897,Finance,Finance/Investors Services
CTEK,CynergisTek Inc. Common Stock,$1.97,-0.07,-3.431%,23877775.00,United States,2017,43782,Technology,Retail: Computer Software & Peripheral Equipment
CVM,Cel-Sci Corporation Common Stock,$8.05,-0.60,-6.936%,342358973.00,United States,,6925042,Health Care,Biotechnology: Biological Products (No Diagnostic Substances)
CVR,Chicago Rivet & Machine Co. Common Stock,$26.20,0.06,0.23%,25312658.00,United States,,334,Consumer Non-Durables,Industrial Specialties
CVU,CPI Aerostructures Inc. Common Stock,$3.50,0.05,1.449%,42806005.00,United States,,94178,Capital Goods,Military/Government/Technical
DHY,Credit Suisse High Yield Bond Fund Common Stock,$2.53,-0.03,-1.172%,261873727.00,United States,1998,523830,Finance,Finance/Investors Services
DIT,AMCON Distributing Company Common Stock,$162.59,13.89,9.341%,89647086.00,United States,,3513,Consumer Non-Durables,Food Distributors
DLA,Delta Apparel Inc. Common Stock,$30.61,0.34,1.123%,213494343.00,United States,,5987,Consumer Non-Durables,Department/Specialty Retail Stores
DMF,BNY Mellon Municipal Income Inc. Common Stock,$9.27,-0.03,-0.323%,192371105.00,United States,1988,38195,Finance,Finance/Investors Services
DNN,Denison Mines Corp Ordinary Shares (Canada),$1.23,0.01,0.82%,990033680.00,Canada,,4538356,Basic Industries,Other Metals and Minerals
DPW,Ault Global Holdings Inc. Common Stock,$2.65,-0.09,-3.285%,131902526.00,United States,,2453493,Capital Goods,Industrial Machinery/Components
DSS,Document Security Systems Inc. Common Stock,$1.74,-0.04,-2.247%,115658018.00,United States,,2902794,Consumer Services,Recreational Products/Toys
DXF,Dunxin Financial Holdings Limited American Depositary Shares,$1.57,-0.08,-4.848%,32780324.00,China,,72203,Consumer Non-Durables,Apparel
DXR,Daxor Corporation Common Stock,$10.6877,-0.125,-1.156%,43112867.00,United States,,9034,Health Care,Medical/Dental Instruments
EAD,Wells Fargo Income Opportunities Fund Common Shares,$8.87,0.04,0.453%,537399718.00,United States,2003,209464,Finance,Finance/Investors Services
ECF,Ellsworth Growth and Income Fund Ltd.,$14.71,0.05,0.341%,198577027.00,United States,1986,10520,Finance,Finance/Investors Services
ECF^A,Ellsworth Growth and Income Fund Ltd. 5.25% Series A Cumulative Preferred Shares (Liquidation Preference $25.00 per share),$26.00,0.14,0.541%,,United States,,1400,,
EIM,Eaton Vance Municipal Bond Fund Common Shares of Beneficial Interest $.01 par value,$13.75,0.04,0.292%,989356280.00,United States,2002,72435,Finance,Finance/Investors Services
ELA,Envela Corporation Common Stock,$4.44,-0.04,-0.893%,119544252.00,United States,,27925,Consumer Services,Consumer Specialties
ELLO,Ellomay Capital Ltd Ordinary Shares (Israel),$30.90,0.3295,1.078%,396738294.00,Israel,,2094,Public Utilities,Electric Utilities: Central
ELMD,Electromed Inc. Common Stock,$11.62,0.27,2.379%,100366820.00,United States,2011,30430,Health Care,Biotechnology: Electromedical & Electrotherapeutic Apparatus
EMAN,eMagin Corporation Common Stock,$3.11,-0.16,-4.893%,224762583.00,United States,,796474,Capital Goods,Industrial Machinery/Components
EMX,EMX Royalty Corporation Common Shares (Canada),$3.10,0.01,0.324%,265503059.00,Canada,,97018,Basic Industries,Precious Metals
ENSV,Enservco Corporation Common Stock,$1.56,-0.09,-5.455%,17835053.00,United States,,313486,Energy,Oilfield Services/Equipment
ENX,Eaton Vance New York Municipal Bond Fund Common Shares of Beneficial Interest $.01 par value,$12.90,0.00,0.00%,233725993.00,United States,2002,5259,Finance,Finance/Investors Services
EPM,Evolution Petroleum Corporation Inc. Common Stock,$4.85,-0.12,-2.414%,162511142.00,United States,,130405,Energy,Oil & Gas Production
EQX,Equinox Gold Corp. Common Shares,$6.95,0.04,0.579%,2077184607.00,Canada,,2061063,Basic Industries,Precious Metals
ERC,Wells Fargo Multi-Sector Income Fund Common Stock no par value,$12.86,-0.02,-0.155%,360949323.00,United States,2003,174719,Finance,Finance/Investors Services
ERH,Wells Fargo Utilities and High Income Fund,$14.38,-0.02,-0.139%,133465957.00,,2004,11722,Finance,Finance/Investors Services
ESP,Espey Mfg. & Electronics Corp. Common Stock,$15.0499,0.1799,1.21%,40674356.00,United States,,1176,Capital Goods,Industrial Machinery/Components
EVBN,Evans Bancorp Inc. Common Stock,$37.35,0.19,0.511%,202945109.00,United States,,14078,Finance,Major Banks
EVI,EVI Industries Inc.  Common Stock,$28.76,0.04,0.139%,352545055.00,United States,,10443,Capital Goods,Industrial Machinery/Components
EVM,Eaton Vance California Municipal Bond Fund Common Shares of Beneficial Interest $.01 par value,$12.08,0.10,0.835%,301931615.00,United States,2002,27310,Finance,Finance/Investors Services
EVV,Eaton Vance Limited Duration Income Fund Common Shares of Beneficial Interest,$13.30,0.05,0.377%,1544755339.00,United States,2003,466365,Finance,Finance/Investors Services
EVY,Eaton Vance New York Municipal Income Trust Shares of Beneficial Interest,$15.01,-0.09,-0.596%,81081438.00,United States,1999,11128,Finance,Finance/Investors Services
EXN,Excellon Resources Inc. Common Shares,$2.25,0.052,2.366%,72860882.00,,2020,54889,Basic Industries,Precious Metals
FAX,Aberdeen Asia-Pacific Income Fund Inc Common Stock,$4.43,0.00,0.00%,1097292252.00,United States,1986,612247,Finance,Investment Managers
FCO,Aberdeen Global Income Fund Inc. Common Stock,$9.09,0.1508,1.687%,79413076.00,United States,1992,32679,Finance,Investment Managers
FEN,First Trust Energy Income and Growth Fund,$14.85,0.13,0.883%,288766715.00,United States,2004,31247,Finance,Finance/Investors Services
FRD,Friedman Industries Inc. Common Stock,$13.63,-0.09,-0.656%,94126722.00,United States,,37198,Basic Industries,Steel/Iron Ore
FSI,Flexible Solutions International Inc. Common Stock (CDA),$3.80,-0.09,-2.314%,46799835.00,Canada,,27923,Capital Goods,Recreational Products/Toys
FSP,Franklin Street Properties Corp. Common Stock,$5.35,-0.04,-0.742%,574205865.00,United States,,216185,Consumer Services,Real Estate Investment Trusts
FTF,Franklin Limited Duration Income Trust Common Shares of Beneficial Interest,$9.19,0.01,0.109%,276975894.00,United States,2003,169496,Finance,Finance/Investors Services
FTSI,FTS International Inc. Class A Common Stock,$26.61,-1.38,-4.93%,372273102.00,United States,2020,52481,Energy,Oilfield Services/Equipment
FURY,Fury Gold Mines Limited Common Shares,$1.19,-0.03,-2.459%,140337572.00,,2020,381345,Basic Industries,Precious Metals
GAU,Galiano Gold Inc.,$1.07,0.00,0.00%,240400239.00,Canada,,578222,Basic Industries,Precious Metals
GBR,New Concept Energy Inc Common Stock,$5.59,-0.86,-13.333%,28687511.00,United States,,2469712,Consumer Services,Real Estate
GDP,Goodrich Petroleum Corporation Common Stock,$15.06,-0.07,-0.463%,201838502.00,United States,2017,37049,Energy,Oil & Gas Production
GGN,GAMCO Global Gold Natural Resources & Income Trust,$4.03,0.05,1.256%,620539944.00,United States,2005,424116,Finance,Finance/Investors Services
GGN^B,GAMCO Global Gold Natural Reources & Income Trust 5.00% Series B Cumulative 25.00 Liquidation Preference,$25.54,0.1299,0.511%,,United States,,1325,,
GGO,The Gabelli Go Anywhere Trust Common Shares of Beneficial Interest,$16.26,-0.0001,-0.001%,25153440.00,,2016,360,Finance,Trusts Except Educational Religious and Charitable
GLDG,GoldMining Inc. Common Shares,$1.49,0.07,4.93%,222771956.00,,,216224,Basic Industries,Precious Metals
GLO,Clough Global Opportunities Fund Common Stock,$12.33,0.04,0.325%,400831420.00,United States,2006,222408,Finance,Finance/Investors Services
GLQ,Clough Global Equity Fund Clough Global Equity Fund Common Shares of Beneficial Interest,$14.68,0.07,0.479%,199004649.00,United States,2005,140080,Finance,Finance/Investors Services
GLU,Gabelli Global Utility Common Shares of Beneficial Ownership,$21.0001,-0.0199,-0.095%,112845675.00,United States,2004,6282,Finance,Finance/Investors Services
GLU^A,The Gabelli Global Utility and Income Trust Series A Cumulative Puttable and Callable Preferred Shares,$46.1901,0.00,0.00%,,United States,,25,,
GLV,Clough Global Dividend and Income Fund Common Shares of beneficial interest,$10.93,0.11,1.017%,94421068.00,United States,2004,97495,Finance,Finance/Investors Services
GOED,1847 Goedeker Inc. Commom Stock,$3.88,-0.01,-0.257%,400098942.00,United States,2020,3969443,Capital Goods,Recreational Products/Toys
GORO,Gold Resource Corporation Common Stock,$2.60,0.04,1.563%,193541933.00,United States,,624226,Basic Industries,Precious Metals
GPL,Great Panther Mining Limited Ordinary Shares (Canada),$0.615,-0.001,-0.162%,218570864.00,Canada,,873402,Basic Industries,Precious Metals
GRF,Eagle Capital Growth Fund Inc. Common Stock,$9.16,-0.006,-0.065%,37320780.00,United States,,554,Finance,Finance/Investors Services
GROY,Gold Royalty Corp. Common Shares,$5.99,0.00,0.00%,249311869.00,,2021,139630,Basic Industries,Precious Metals
GSAT,Globalstar Inc. Common Stock,$1.70,0.00,0.00%,3046400000.00,United States,2006,8387801,Consumer Services,Telecommunications Equipment
GSS,Golden Star Resources Ltd Common Stock,$2.73,-0.16,-5.536%,313110424.00,United States,,589117,Basic Industries,Precious Metals
GSV,Gold Standard Ventures Corporation Common Stock (Canada),$0.572,0.0118,2.106%,204476389.00,Canada,,345333,Basic Industries,Mining & Quarrying of Nonmetallic Minerals (No Fuels)
GTE,Gran Tierra Energy Inc. Common Stock,$0.766,-0.0128,-1.644%,281107872.00,Canada,,2771136,Energy,Oil & Gas Production
HLM^,Hillman Group Capital Trust Preferred Stock,$25.87,-0.3994,-1.52%,,United States,,31450,,
HMG,HMG/Courtland Properties Inc. Common Stock,$16.27,-0.0828,-0.506%,16387925.00,United States,,2668,Consumer Services,Real Estate Investment Trusts
HNW,Pioneer Diversified High Income Fund Inc.,$15.16,-0.06,-0.394%,126325096.00,United States,2007,45976,Finance,Finance/Investors Services
HUSA,Houston American Energy Corporation Common Stock,$2.15,-0.09,-4.018%,21335177.00,United States,,3402415,Energy,Oil & Gas Production
HWM^,Howmet Aerospace Inc. $3.75 Preferred Stock,$76.50,-1.01,-1.303%,,United States,,268,,
IAF,Aberdeen Australia Equity Fund Inc Common Stock,$6.42,-0.03,-0.465%,149612264.00,United States,,39851,Finance,Finance/Investors Services
IBIO,iBio Inc. Common Stock,$1.45,-0.07,-4.605%,315882999.00,United States,,2658223,Health Care,Major Pharmaceuticals
ID,PARTS iD Inc. Class A Common Stock,$6.09,0.06,0.995%,202026347.00,United States,2017,72712,Miscellaneous,Diversified Commercial Services
IGC,India Globalization Capital Inc. Common Stock,$1.58,-0.14,-8.14%,76357091.00,United States,,2673321,Technology,Engineering & Construction
IHT,InnSuites Hospitality Trust Shares of Beneficial Interest,$6.02,-0.53,-8.092%,53313445.00,United States,,146026,Consumer Services,Real Estate Investment Trusts
IMH,Impac Mortgage Holdings Inc. Common Stock ,$2.01,-0.07,-3.365%,42878695.00,United States,1997,49201,Finance,Finance: Consumer Services
IMO,Imperial Oil Limited Common Stock,$30.89,-0.41,-1.31%,22675630962.00,Canada,,561639,Energy,Integrated oil Companies
INDO,Indonesia Energy Corporation Limited Ordinary Shares,$5.90,-0.30,-4.839%,43824935.00,,2019,74351,Energy,Oil & Gas Production
INFU,InfuSystems Holdings Inc. Common Stock,$20.16,-1.33,-6.189%,412650948.00,United States,,83629,Health Care,Medical/Dental Instruments
INTT,inTest Corporation Common Stock,$17.01,-0.14,-0.816%,182808698.00,United States,1997,186305,Technology,Semiconductors
INUV,Inuvo Inc.,$0.96,0.0198,2.106%,113775556.00,United States,,4546630,Technology,Advertising
IOR,Income Opportunity Realty Investors Inc. Common Stock,$12.34,-0.03,-0.243%,51438229.00,United States,,1274,Finance,Diversified Financial Services
ISDR,Issuer Direct Corporation Common Stock,$26.25,0.55,2.14%,98856844.00,United States,,29739,Technology,EDP Services
ISR,IsoRay Inc. Common Stock (DE),$0.778,-0.013,-1.643%,110059977.00,United States,,596963,Health Care,Medical/Dental Instruments
ITP,IT Tech Packaging Inc. Common Stock,$0.47,-0.0077,-1.612%,46553453.00,China,,873404,Basic Industries,Paper
ITRG,Integra Resources Corp. Common Shares,$2.90,0.03,1.045%,158957764.00,,,23316,,
JOB,GEE Group Inc. Common Stock,$0.60,0.0309,5.43%,68100273.00,United States,,24565539,Technology,Diversified Commercial Services
KIQ,Kelso Technologies Inc Ordinary Shares,$0.6781,-0.0067,-0.978%,36800545.00,Canada,,236181,,
KLR,Kaleyra Inc. Common Stock,$12.25,0.00,0.00%,383514866.00,United States,2018,189208,Technology,Internet and Information Services
KULR,KULR Technology Group Inc. Common Stock,$2.37,0.00,0.00%,223365864.00,United States,,355727,,
LCTX,Lineage Cell Therapeutics Inc. Common Stock,$2.75,-0.11,-3.846%,412448704.00,United States,,1711290,Health Care,Biotechnology: Biological Products (No Diagnostic Substances)
LEU,Centrus Energy Corp. Class A Common Stock,$25.77,-0.16,-0.617%,356972096.00,United States,2014,43412,,
LGL,LGL Group Inc. (The) Common Stock,$10.30,0.01,0.097%,54303701.00,United States,,37098,Capital Goods,Industrial Machinery/Components
LNG,Cheniere Energy Inc. Common Stock,$87.67,0.66,0.759%,22227617809.00,United States,,809679,Public Utilities,Oil/Gas Transmission
LODE,Comstock Mining Inc. Common Stock,$3.38,-0.10,-2.874%,143499641.00,United States,,767372,Finance,Real Estate
LOV,Spark Networks Inc. American Depositary Shares (each representing one-tenth of an Ordinary Share),$5.08,-0.11,-2.119%,132369001.00,United States,2017,81506,Miscellaneous,Other Consumer Services
LSF,Laird Superfood Inc. Common Stock,$29.49,0.11,0.374%,265141759.00,,2020,29135,Consumer Non-Durables,Specialty Foods
LXFR,Luxfer Holdings PLC Ordinary Shares,$21.94,-0.41,-1.834%,628573650.00,United Kingdom,2012,53611,Capital Goods,Metal Fabrications
MAG,MAG Silver Corporation Ordinary Shares,$21.59,0.62,2.957%,2047594391.00,Canada,,508365,Basic Industries,Precious Metals
MCF,Contango Oil & Gas Company Common Stock (TX),$4.33,-0.13,-2.915%,870639192.00,United States,,1333452,Energy,Oil & Gas Production
MHH,Mastech Digital Inc Common Stock,$15.25,-0.10,-0.651%,174323543.00,United States,,21038,Consumer Services,Professional Services
MLSS,Milestone Scientific Inc. Common Stock,$2.34,0.00,0.00%,156207156.00,United States,2015,657375,Health Care,Industrial Specialties
MMX,Maverix Metals Inc. Common Shares,$5.44,0.09,1.682%,768219305.00,,,115605,Basic Industries,Precious Metals
MSN,Emerson Radio Corporation Common Stock,$1.17,-0.02,-1.681%,24619903.00,United States,,91990,Consumer Non-Durables,Consumer Electronics/Appliances
MTA,Metalla Royalty & Streaming Ltd. Common Shares,$9.00,0.25,2.857%,385321680.00,,,159839,Basic Industries,Precious Metals
MTNB,Matinas Biopharma Holdings Inc. Common Stock,$0.7765,-0.0037,-0.474%,158626504.00,United States,2017,849860,Health Care,Major Pharmaceuticals
MXC,Mexco Energy Corporation Common Stock,$9.6453,-0.0847,-0.871%,20030067.00,United States,,18871,Energy,Oil & Gas Production
MYO,Myomo Inc. Common Stock,$9.81,-0.59,-5.673%,54975466.00,United States,2017,47993,Health Care,Industrial Specialties
NAK,Northern Dynasty Minerals Ltd. Common Stock,$0.4986,-0.0036,-0.717%,255732039.00,Canada,,3941626,Basic Industries,Precious Metals
NAVB,Navidea Biopharmaceuticals Inc. Common Stock,$1.82,0.02,1.111%,52826250.00,United States,,52821,Health Care,Biotechnology: In Vitro & In Vivo Diagnostic Substances
NBA,New Beginnings Acquisition Corp. Common Stock,$10.007,0.007,0.07%,149304440.00,,2020,908,,
NBH,Neuberger Berman Municipal Fund Inc. Common Stock,$16.00,-0.20,-1.235%,301089536.00,United States,2002,36750,Finance,Finance/Investors Services
NBO,Neuberger Berman New York Municipal Fund Inc. Common Stock,$13.52,-0.06,-0.442%,68646678.00,United States,2002,26849,Finance,Finance/Investors Services
NBW,Neuberger Berman California Municipal Fund Inc Common Stock,$14.70,0.17,1.17%,81600347.00,United States,2002,6185,Finance,Finance/Investors Services
NBY,NovaBay Pharmaceuticals Inc. Common Stock,$0.6613,-0.0087,-1.299%,27736631.00,United States,2007,611223,Health Care,Major Pharmaceuticals
NEN,New England Realty Associates Limited Partnership Class A Depositary Receipts Evidencing Units of Limited Partnership,$62.99,-0.21,-0.332%,230083321.00,United States,,779,Consumer Services,Building operators
NES,Nuverra Environmental Solutions Inc. Common Stock,$2.18,0.00,0.00%,34880174.00,United States,2017,13898,Public Utilities,Water Supply
NEWP,New Pacific Metals Corp. Common Shares,$4.96,0.10,2.058%,763028772.00,,2021,105927,Capital Goods,Medical Specialities
NG,Novagold Resources Inc.,$8.55,0.53,6.608%,2832881623.00,Canada,,1675173,Basic Industries,Precious Metals
NGD,New Gold Inc.,$1.79,0.01,0.562%,1218453000.00,Canada,,2515174,Basic Industries,Precious Metals
NHC,National HealthCare Corporation Common Stock,$70.29,-0.63,-0.888%,1081983811.00,United States,,16074,Health Care,Hospital/Nursing Management
NHS,Neuberger Berman High Yield Strategies Fund,$13.53,0.12,0.895%,264384115.00,United States,,60853,Finance,Trusts Except Educational Religious and Charitable
NML,Neuberger Berman MLP and Energy Income Fund Inc. Common Stock,$5.025,-0.005,-0.099%,284711113.00,,2013,169075,Finance,Finance/Investors Services
NNVC,NanoViricides Inc. Common Stock,$4.30,-0.20,-4.444%,49471500.00,United States,,55779,Health Care,Major Pharmaceuticals
NOG,Northern Oil and Gas Inc. Common Stock,$21.03,-0.17,-0.802%,1391195129.00,United States,,1030933,Energy,Oil & Gas Production
NRO,Neuberger Berman Real Estate Securities Income Fund Inc. Neuberger Berman Real Estate Securities Income Fund Inc.,$5.05,0.04,0.798%,239473025.00,United States,2003,90272,Finance,Finance/Investors Services
NTIP,Network-1 Technologies Inc. Common Stock,$3.35,-0.02,-0.593%,80792382.00,United States,,8224,Capital Goods,Telecommunications Equipment
NXE,Nexgen Energy Ltd. Common Shares,$4.30,0.04,0.939%,2023940852.00,,,1770977,Basic Industries,Precious Metals
OGEN,Oragenics Inc. Common Stock,$0.675,-0.0107,-1.56%,78055830.00,United States,,1037386,Health Care,Major Pharmaceuticals
OPTT,Ocean Power Technologies Inc. Common Stock,$2.96,0.50,20.325%,150917850.00,United States,2007,45377654,Public Utilities,Electric Utilities: Central
ORLA,Orla Mining Ltd. Common Shares,$4.09,0.08,1.995%,972139932.00,,2020,198154,Basic Industries,Precious Metals
PCG^A,Pacific Gas & Electric Co. 6% Preferred Stock,$29.81,-0.05,-0.167%,,United States,,2047,,
PCG^B,Pacific Gas & Electric Co. 5 1/2% Preferred Stock,$26.74,-0.03,-0.112%,,United States,,434,,
PCG^D,Pacific Gas & Electric Co. 5% 1st  Red. Preferred Stock,$26.24,-0.26,-0.981%,,United States,,100,,
PCG^E,Pacific Gas & Electric Co. 5% 1st A Preferred Stock,$24.8901,-0.0599,-0.24%,,United States,,1813,,
PCG^H,Pacific Gas & Electric Co. 4.50% 1st Preferred Stock,$22.86,0.00,0.00%,,United States,,100,,
PCG^I,Pacific Gas & Electric Co. 4.36% 1st Preferred Stock,$24.41,-0.09,-0.367%,,United States,,1300,,
PED,Pedevco Corp. Common Stock,$1.57,-0.05,-3.086%,124754717.00,United States,,226284,,
PHGE,BiomX Inc. COmmon Stock,$5.60,0.20,3.704%,136229626.00,,2019,8878,Health Care,Major Pharmaceuticals
PLAG,Planet Green Holdings Corp. Common Stock,$1.70,-0.03,-1.734%,40816881.00,China,,21784,,
PLG,Platinum Group Metals Ltd. Ordinary Shares (Canada),$3.53,-0.14,-3.815%,261348538.00,Canada,,478744,Basic Industries,Precious Metals
PLM,Polymet Mining Corporation Ordinary Shares (Canada),$3.76,-0.01,-0.265%,379298723.00,Canada,,99572,Basic Industries,Precious Metals
PLX,Protalix BioTherapeutics Inc. (DE) Common Stock,$1.80,-0.07,-3.743%,81689096.00,Israel,,1322329,Health Care,Biotechnology: Biological Products (No Diagnostic Substances)
PLYM^A,Plymouth Industrial REIT Inc. 7.50% Series A Cumulative Redeemable Preferred Stock,$26.9847,0.00,0.00%,,United States,,91,,
PRK,Park National Corporation Common Stock,$115.58,-2.79,-2.357%,1888651634.00,United States,,21343,Finance,Major Banks
PTK,PTK Acquisition Corp. Common Stock,$9.89,0.00,0.00%,126531285.00,United States,2020,2556,,
PTN,Palatin Technologies Inc. Common Stock,$0.6325,0.0125,2.016%,145506430.00,United States,,2638664,Health Care,Major Pharmaceuticals
PW,Power REIT (MD) Common Stock,$39.89,-0.38,-0.944%,132531852.00,United States,,6776,Consumer Services,Real Estate Investment Trusts
PW^A,Power REIT 7.75% Series A Cumulative Perpetual Preferred Stock,$26.11,-1.2868,-4.697%,,United States,,410,,
PZG,Paramount Gold Nevada Corp. Common Stock,$1.00,0.01,1.01%,37696420.00,United States,2015,95130,Basic Industries,Precious Metals
RCG,RENN Fund Inc Common Stock,$2.4512,0.0007,0.029%,14589435.00,United States,,8392,Finance,Investment Managers
REI,Ring Energy Inc. Common Stock,$3.09,-0.15,-4.63%,306762645.00,United States,,2277441,Energy,Oil & Gas Production
REPX,Riley Exploration Permian Inc. Common Stock,$28.00,-1.08,-3.714%,504602588.00,United States,,155106,Energy,Oil & Gas Production
RHE,Regional Health Properties Inc. Common Stock,$11.91,-0.90,-7.026%,20106688.00,,2017,764458,Health Care,Hospital/Nursing Management
RHE^A,Regional Health Properties Inc. 10.875% Series A Cumulative Redeemable Preferred Stock,$5.48,-0.02,-0.364%,,,,3926,,
RLGT,Radiant Logistics Inc. Common Stock,$6.89,-0.13,-1.852%,345323176.00,United States,,78021,Transportation,Oil Refining/Marketing
RMED,Ra Medical Systems Inc. Common Stock,$4.72,0.29,6.546%,26250946.00,,2018,3295940,Health Care,Medical/Dental Instruments
RVP,Retractable Technologies Inc. Common Stock,$11.58,-0.20,-1.698%,393767524.00,United States,,241075,Health Care,Medical/Dental Instruments
SACC,Sachem Capital Corp. 6.875% Notes due 2024,$25.50,-0.0025,-0.01%,0.00,United States,2019,646,Consumer Services,Real Estate Investment Trusts
SACH,Sachem Capital Corp. Common Shares,$5.18,-0.08,-1.521%,137997956.00,United States,2017,399415,Consumer Services,Real Estate Investment Trusts
SBEV,Splash Beverage Group Inc. Common Stock,$3.93,-0.06,-1.504%,119816378.00,,2021,498116,Health Care,Medical/Nursing Services
SCCB,Sachem Capital Corp. 7.125% Notes due 2024,$25.60,0.01,0.039%,0.00,United States,2019,259,Consumer Services,Real Estate Investment Trusts
SCCC,Sachem Capital Corp. 7.75% Notes due 2025,$25.925,0.0035,0.014%,0.00,United States,2020,5653,Consumer Services,Real Estate Investment Trusts
SDPI,Superior Drilling Products Inc. Common Stock,$0.8905,-0.032,-3.469%,22943026.00,,2014,167186,Energy,Metal Fabrications
SEB,Seaboard Corporation Common Stock,$3969.93,-30.06,-0.752%,4608211375.00,United States,1996,1139,,
SENS,Senseonics Holdings Inc. Common Stock,$3.51,0.01,0.286%,1502533408.00,United States,,17273571,Health Care,Medical Specialities
SIF,SIFCO Industries Inc. Common Stock,$10.50,0.41,4.063%,62885855.00,United States,,86862,Capital Goods,Office Equipment/Supplies/Services
SILV,SilverCrest Metals Inc. Common Shares,$8.84,0.19,2.197%,1277008402.00,,2018,466137,Capital Goods,Industrial Machinery/Components
SIM,Grupo Simec S.A.B. de C.V. American Depositary Shares,$28.10,-1.25,-4.259%,4334701054.00,Mexico,1993,5898,Basic Industries,Aluminum
SMTS,Sierra Metals Inc. Common Stock,$3.00,0.01,0.334%,490284450.00,,,159460,Basic Industries,Precious Metals
SNMP,Evolve Transition Infrastructure LP Common Stock,$0.8788,-0.0401,-4.364%,49375710.00,United States,,1679578,Energy,Oil & Gas Production
SSY,SunLink Health Systems Inc. Common Stock,$2.92,-0.10,-3.311%,20206555.00,United States,,479084,Health Care,Medical/Nursing Services
STXS,Stereotaxis Inc. Common Stock,$9.30,-0.27,-2.821%,689259912.00,United States,,260280,Health Care,Biotechnology: Electromedical & Electrotherapeutic Apparatus
SVM,Silvercorp Metals Inc. Common Shares,$5.55,0.08,1.463%,976146266.00,,,353648,Basic Industries,Precious Metals
SVT,Servotronics Inc. Common Stock,$8.50,-0.26,-2.968%,21067310.00,United States,,1015,Consumer Durables,Metal Fabrications
SYN,Synthetic Biologics Inc. Common Stock,$0.5709,-0.0066,-1.143%,75383085.00,United States,,2124742,Health Care,Major Pharmaceuticals
TGB,Taseko Mines Ltd. Common Stock,$2.03,-0.03,-1.456%,574873719.00,Canada,,860345,Basic Industries,Precious Metals
THM,International Tower Hill Mines Ltd. Ordinary Shares (Canada),$1.09,0.03,2.83%,212449921.00,Canada,,253002,Basic Industries,Precious Metals
TKAT,Takung Art Co. Ltd. Common Stock,$15.28,-0.47,-2.984%,178201151.00,,,304189,Consumer Services,Catalog/Specialty Distribution
TMBR,Timber Pharmaceuticals Inc. Common Stock,$1.14,-0.04,-3.39%,42001071.00,United States,2015,789180,Health Care,Major Pharmaceuticals
TMP,Tompkins Financial Corporation Common Stock,$76.79,-1.49,-1.903%,1144557791.00,United States,,21271,Finance,Major Banks
TMQ,Trilogy Metals Inc. Common Stock,$2.51,0.03,1.21%,362174863.00,Canada,,201260,Basic Industries,Precious Metals
TPHS,Trinity Place Holdings Inc. Common Stock,$2.12,0.00,0.00%,68805804.00,,,30528,Consumer Services,Real Estate
TRT,Trio-Tech International Common Stock,$5.01,-0.05,-0.988%,19604406.00,United States,,46642,Technology,Industrial Machinery/Components
TRX,Tanzanian Gold Corporation Common Stock,$0.5039,-0.0055,-1.08%,128429273.00,Canada,,451693,Basic Industries,Precious Metals
UAMY,United States Antimony Corporation Common Stock,$0.96,-0.0081,-0.837%,102002958.00,United States,,1173514,,
UAVS,AgEagle Aerial Systems Inc. Common Stock,$5.01,0.02,0.401%,345470191.00,United States,,1627668,,
UEC,Uranium Energy Corp. Common Stock,$2.57,-0.07,-2.652%,599448383.00,Canada,,3352526,Basic Industries,Other Metals and Minerals
UFAB,Unique Fabricating Inc. Common Stock,$3.74,-0.01,-0.267%,36574010.00,United States,2015,5551,Capital Goods,Auto Parts:O.E.M.
URG,Ur Energy Inc Common Shares (Canada),$1.37,-0.05,-3.521%,259463067.00,Canada,,1071420,Basic Industries,Other Metals and Minerals
USAS,Americas Gold and Silver Corporation Common Shares no par value,$1.56,0.04,2.632%,207622664.00,,2017,1142279,Basic Industries,Precious Metals
UTG,Reaves Utility Income Fund Common Shares of Beneficial Interest,$34.80,0.20,0.578%,2069401836.00,United States,2004,404827,Finance,Investment Managers
UUU,Universal Security Instruments Inc. Common Stock,$8.46,-0.01,-0.118%,19567024.00,United States,,48435,Miscellaneous,Diversified Manufacture
UUUU,Energy Fuels Inc Ordinary Shares (Canada),$6.08,-0.06,-0.977%,892599079.00,,,2504934,Basic Industries,Mining & Quarrying of Nonmetallic Minerals (No Fuels)
VCF,Delaware Investments Colorado Municipal Income Fund Inc  Common Stock,$14.934,-0.036,-0.24%,72237251.00,United States,1993,6396,Finance,Finance/Investors Services
VFL,Delaware Investments National Municipal Income Fund Common Stock,$14.14,0.04,0.284%,64032184.00,United States,1993,1514,Finance,Finance/Investors Services
VGZ,Vista Gold Corp Common Stock,$1.23,-0.01,-0.806%,128103175.00,United States,,147561,Basic Industries,Precious Metals
VHAQ,Viveon Health Acquisition Corp. Common Stock,$9.93,-0.02,-0.201%,249801563.00,,2021,638,,
VKI,Invesco Advantage Municipal Income Trust II Common Shares of Beneficial Interest (DE),$12.38,0.00,0.00%,549567401.00,United States,,55150,Finance,Finance Companies
VMM,Delaware Investments Minnesota Municipal Income Fund II Inc. Common Stock,$14.18,0.00,0.00%,163140546.00,United States,1993,3710,Finance,Finance/Investors Services
VNRX,VolitionRX Limited Common Stock,$3.20,0.00,0.00%,169256682.00,Singapore,2015,87344,Health Care,Biotechnology: Biological Products (No Diagnostic Substances)
VOLT,Volt Information Sciences Inc. Common Stock,$4.88,0.30,6.55%,106074486.00,United States,,390154,Consumer Services,Movies/Entertainment
WLMS,Williams Industrial Services Group Inc. Common Stock,$5.97,0.11,1.877%,154599126.00,,2021,128285,Capital Goods,Metal Fabrications
WRN,Western Copper and Gold Corporation Common Stock,$2.12,0.13,6.533%,312924985.00,Canada,2011,685285,Basic Industries,Precious Metals
WTT,Wireless Telecom Group  Inc. Common Stock,$2.97,-0.69,-18.852%,64331144.00,United States,,1270180,Capital Goods,Telecommunications Equipment
WWR,Westwater Resources Inc. Common Stock,$4.75,-0.15,-3.061%,153597496.00,United States,,733336,Basic Industries,Other Metals and Minerals
WYY,WidePoint Corporation Common Stock,$7.05,-0.24,-3.292%,63953032.00,United States,,147855,Technology,EDP Services
XPL,Solitario Zinc Corp. Common Stock,$0.6614,0.0114,1.754%,38645017.00,United States,,257567,,
XTNT,Xtant Medical Holdings Inc. Common Stock,$1.66,-0.12,-6.742%,143934095.00,United States,,199642,Health Care,Biotechnology: Biological Products (No Diagnostic Substances)
XXII,22nd Century Group Inc. Common Stock,$3.96,-0.25,-5.938%,643763776.00,United States,,3342949,Consumer Non-Durables,Farming/Seeds/Milling
YCBD,cbdMD Inc. Common Stock,$2.91,-0.07,-2.349%,165775614.00,United States,2017,91639,Consumer Non-Durables,Package Goods/Cosmetics
YCBD^A,cbdMD Inc. 8.0% Series A Cumulative Convertible Preferred Stock,$7.42,-0.045,-0.603%,,United States,,42684,,
ZDGE,Zedge Inc. Class B Common Stock ,$17.45,-0.62,-3.431%,247555140.00,,2016,234226,Technology,Computer Software: Prepackaged Software
ZOM,Zomedica Corp. Common Shares,$0.78,-0.0309,-3.811%,762694791.00,United States,2017,33044909,,
